Bureau of Meteorology station number,Year,Month,Day,Rainfall amount (millimetres)
9225,2015,1,1,0
9225,2015,1,2,0
9225,2015,1,3,0
9225,2015,1,4,0
9225,2015,1,5,0
9225,2015,1,6,0
9225,2015,1,7,0
9225,2015,1,8,0
9225,2015,1,9,0
9225,2015,1,10,0
9225,2015,1,11,0
9225,2015,1,12,0
9225,2015,1,13,0
9225,2015,1,14,0
9225,2015,1,15,0
9225,2015,1,16,0
9225,2015,1,17,0
9225,2015,1,18,0
9225,2015,1,19,0
9225,2015,1,20,0
9225,2015,1,21,0
9225,2015,1,22,0
9225,2015,1,23,0
9225,2015,1,24,0
9225,2015,1,25,0
9225,2015,1,26,0
9225,2015,1,27,0
9225,2015,1,28,0
9225,2015,1,29,5.2
9225,2015,1,30,13.4
9225,2015,1,31,0
9225,2015,2,1,0
9225,2015,2,2,9.6
9225,2015,2,3,11.8
9225,2015,2,4,1.6
9225,2015,2,5,0
9225,2015,2,6,0
9225,2015,2,7,0
9225,2015,2,8,0
9225,2015,2,9,0
9225,2015,2,10,0
9225,2015,2,11,0
9225,2015,2,12,0
9225,2015,2,13,0
9225,2015,2,14,0.4
9225,2015,2,15,0
9225,2015,2,16,0
9225,2015,2,17,0
9225,2015,2,18,0
9225,2015,2,19,0
9225,2015,2,20,0
9225,2015,2,21,0
9225,2015,3,19,0.8
9225,2015,3,20,0
9225,2015,3,21,0
9225,2015,3,22,0
9225,2015,3,23,0
9225,2015,3,24,0
9225,2015,3,25,0
9225,2015,3,26,0
9225,2015,3,27,2.8
9225,2015,3,28,0
9225,2015,3,29,0
9225,2015,3,30,0
9225,2015,3,31,0
9225,2015,4,1,0
9225,2015,4,2,0
9225,2015,4,3,0
9225,2015,4,4,0
9225,2015,4,5,0
9225,2015,4,6,0
9225,2015,4,7,9
9225,2015,4,8,12.4
9225,2015,4,9,3.2
9225,2015,4,10,12.4
9225,2015,4,11,0.6
9225,2015,4,12,14.8
9225,2015,4,13,1
9225,2015,4,14,0
9225,2015,4,15,0.2
9225,2015,4,16,0
9225,2015,4,17,0
9225,2015,4,18,0
9225,2015,4,19,0
9225,2015,4,20,0
9225,2015,4,21,0
9225,2015,4,22,0
9225,2015,4,23,0
9225,2015,4,24,0
9225,2015,4,25,0
9225,2015,4,26,0
9225,2015,4,27,0
9225,2015,4,28,0
9225,2015,4,29,0
9225,2015,4,30,0.4
9225,2015,5,1,0
9225,2015,5,2,0
9225,2015,5,3,0
9225,2015,5,4,5
9225,2015,5,5,0
9225,2015,5,6,0
9225,2015,5,7,0
9225,2015,5,8,0
9225,2015,5,9,0
9225,2015,5,10,0
9225,2015,5,11,0
9225,2015,5,12,0
9225,2015,5,13,0
9225,2015,5,14,0
9225,2015,5,15,0
9225,2015,5,16,4
9225,2015,5,17,32
9225,2015,5,18,42.8
9225,2015,5,19,0
9225,2015,5,20,0
9225,2015,5,21,0
9225,2015,5,22,0
9225,2015,5,23,0
9225,2015,5,24,0
9225,2015,5,25,0
9225,2015,5,26,0
9225,2015,5,27,0
9225,2015,5,28,0
9225,2015,5,29,0
9225,2015,5,30,0
9225,2015,5,31,0
9225,2015,6,1,0
9225,2015,6,2,5.2
9225,2015,6,3,2
9225,2015,6,4,3.2
9225,2015,6,5,0
9225,2015,6,6,0.2
9225,2015,6,7,0.6
9225,2015,6,8,0
9225,2015,6,9,0
9225,2015,6,10,0
9225,2015,6,11,0
9225,2015,6,12,0.4
9225,2015,6,13,0
9225,2015,6,14,0
9225,2015,6,15,0
9225,2015,6,16,0
9225,2015,6,17,0
9225,2015,6,18,3.2
9225,2015,6,19,23.4
9225,2015,6,20,15.8
9225,2015,6,21,33
9225,2015,6,22,13.4
9225,2015,6,23,0
9225,2015,6,24,0
9225,2015,6,25,0
9225,2015,6,26,0
9225,2015,6,27,0
9225,2015,6,28,0
9225,2015,6,29,0
9225,2015,6,30,0
9225,2015,7,1,0
9225,2015,7,2,1.6
9225,2015,7,3,3.8
9225,2015,7,4,0
9225,2015,7,5,1.8
9225,2015,7,6,2.6
9225,2015,7,7,5.6
9225,2015,7,8,9.2
9225,2015,7,9,0
9225,2015,7,10,1.2
9225,2015,7,11,0.2
9225,2015,7,12,0
9225,2015,7,13,0
9225,2015,7,14,0
9225,2015,7,15,0
9225,2015,7,16,0
9225,2015,7,17,0
9225,2015,7,18,0.8
9225,2015,7,19,0.8
9225,2015,7,20,33.2
9225,2015,7,21,8.6
9225,2015,7,22,0.2
9225,2015,7,23,8.4
9225,2015,7,24,0
9225,2015,7,25,0
9225,2015,7,26,0
9225,2015,7,27,0
9225,2015,7,28,0.4
9225,2015,7,29,5.2
9225,2015,7,30,0.4
9225,2015,7,31,18.4
9225,2015,8,1,0.2
9225,2015,8,2,0
9225,2015,8,3,0
9225,2015,8,4,0
9225,2015,8,5,0
9225,2015,8,6,0
9225,2015,8,7,1
9225,2015,8,8,6.4
9225,2015,8,9,12.6
9225,2015,8,10,4
9225,2015,8,11,3.8
9225,2015,8,12,0
9225,2015,8,13,0
9225,2015,8,14,0
9225,2015,8,15,0
9225,2015,8,16,0
9225,2015,8,17,5.6
9225,2015,8,18,5
9225,2015,8,19,1
9225,2015,8,20,16.8
9225,2015,8,21,7
9225,2015,8,22,29.6
9225,2015,8,23,0
9225,2015,8,24,0
9225,2015,8,25,0
9225,2015,8,26,0
9225,2015,8,27,0
9225,2015,8,28,0
9225,2015,8,29,4.2
9225,2015,8,30,15.6
9225,2015,8,31,0.2
9225,2015,9,1,6.6
9225,2015,9,2,0
9225,2015,9,3,0
9225,2015,9,4,0
9225,2015,9,5,8
9225,2015,9,6,0
9225,2015,9,7,0
9225,2015,9,8,0
9225,2015,9,9,0
9225,2015,9,10,0
9225,2015,9,11,8
9225,2015,9,12,19.4
9225,2015,9,13,8.8
9225,2015,9,14,0
9225,2015,9,15,1.2
9225,2015,9,16,0
9225,2015,9,17,0
9225,2015,9,18,0
9225,2015,9,19,0
9225,2015,9,20,0
9225,2015,9,21,0
9225,2015,9,22,0
9225,2015,9,23,0
9225,2015,9,24,0
9225,2015,9,25,0
9225,2015,9,26,0
9225,2015,9,27,0
9225,2015,9,28,0
9225,2015,9,29,0
9225,2015,9,30,0
9225,2015,10,1,0
9225,2015,10,2,0
9225,2015,10,3,0.2
9225,2015,10,4,0
9225,2015,10,5,1.2
9225,2015,10,6,0.2
9225,2015,10,7,0
9225,2015,10,8,0
9225,2015,10,9,0
9225,2015,10,10,0
9225,2015,10,11,0
9225,2015,10,12,0
9225,2015,10,13,0
9225,2015,10,14,1
9225,2015,10,15,1.8
9225,2015,10,16,0
9225,2015,10,17,0
9225,2015,10,18,0
9225,2015,10,19,3
9225,2015,10,20,0
9225,2015,10,21,0
9225,2015,10,22,0
9225,2015,10,23,0
9225,2015,10,24,0
9225,2015,10,25,0
9225,2015,10,26,0
9225,2015,10,27,0
9225,2015,10,28,2.8
9225,2015,10,29,0
9225,2015,10,30,0
9225,2015,10,31,10.4
9225,2015,11,1,0
9225,2015,11,2,16
9225,2015,11,3,0
9225,2015,11,4,0
9225,2015,11,5,0
9225,2015,11,6,0
9225,2015,11,7,0.6
9225,2015,11,8,0
9225,2015,11,9,0
9225,2015,11,10,0
9225,2015,11,11,0
9225,2015,11,12,0
9225,2015,11,13,0
9225,2015,11,14,0
9225,2015,11,15,0.2
9225,2015,11,16,0
9225,2015,11,17,0
9225,2015,11,18,1.4
9225,2015,11,19,2.2
9225,2015,11,20,0
9225,2015,11,21,0
9225,2015,11,22,0
9225,2015,11,23,0
9225,2015,11,24,0
9225,2015,11,25,0
9225,2015,11,26,0
9225,2015,11,27,0
9225,2015,11,28,0
9225,2015,11,29,0
9225,2015,11,30,0
9225,2015,12,1,0
9225,2015,12,2,0
9225,2015,12,3,0
9225,2015,12,4,0
9225,2015,12,5,5.6
9225,2015,12,6,7
9225,2015,12,7,1
9225,2015,12,8,0
9225,2015,12,9,0
9225,2015,12,10,0
9225,2015,12,11,0
9225,2015,12,12,0
9225,2015,12,13,0
9225,2015,12,14,0
9225,2015,12,15,0
9225,2015,12,16,0
9225,2015,12,17,0
9225,2015,12,18,0
9225,2015,12,19,0
9225,2015,12,20,0
9225,2015,12,21,0
9225,2015,12,22,0
9225,2015,12,23,0
9225,2015,12,24,0
9225,2015,12,25,0
9225,2015,12,26,0
9225,2015,12,27,0
9225,2015,12,28,0
9225,2015,12,29,0
9225,2015,12,30,0
9225,2015,12,31,0
9225,2016,1,1,0
9225,2016,1,2,0
9225,2016,1,3,0
9225,2016,1,4,0
9225,2016,1,5,0
9225,2016,1,6,0
9225,2016,1,7,0
9225,2016,1,8,0
9225,2016,1,9,0
9225,2016,1,10,0
9225,2016,1,11,0
9225,2016,1,12,0
9225,2016,1,13,0.6
9225,2016,1,14,0
9225,2016,1,15,0
9225,2016,1,16,0
9225,2016,1,17,0
9225,2016,1,18,1.2
9225,2016,1,19,0.4
9225,2016,1,20,0.4
9225,2016,1,21,0
9225,2016,1,22,0
9225,2016,1,23,0
9225,2016,1,24,1
9225,2016,1,25,4.4
9225,2016,1,26,0.8
9225,2016,1,27,0
9225,2016,1,28,0
9225,2016,1,29,0
9225,2016,1,30,0
9225,2016,1,31,6.4
9225,2016,2,1,0.2
9225,2016,2,2,0
9225,2016,2,3,0
9225,2016,2,4,0
9225,2016,2,5,0
9225,2016,2,6,0
9225,2016,2,7,0
9225,2016,2,8,0
9225,2016,2,9,0
9225,2016,2,10,0
9225,2016,2,11,0
9225,2016,2,12,0
9225,2016,2,13,0
9225,2016,2,14,0
9225,2016,2,15,0
9225,2016,2,16,0
9225,2016,2,17,0
9225,2016,2,18,0
9225,2016,2,19,0
9225,2016,2,20,0
9225,2016,2,21,0
9225,2016,2,22,0.2
9225,2016,2,23,0
9225,2016,2,24,0.2
9225,2016,2,25,0
9225,2016,2,26,0
9225,2016,2,27,0
9225,2016,2,28,0
9225,2016,2,29,0
9225,2016,3,1,0
9225,2016,3,2,0
9225,2016,3,3,0
9225,2016,3,4,0
9225,2016,3,5,0
9225,2016,3,6,0
9225,2016,3,7,0
9225,2016,3,8,0
9225,2016,3,9,0
9225,2016,3,10,0
9225,2016,3,11,0
9225,2016,3,12,0
9225,2016,3,13,0
9225,2016,3,14,0
9225,2016,3,15,0
9225,2016,3,16,0
9225,2016,3,17,0
9225,2016,3,18,0
9225,2016,3,19,0
9225,2016,3,20,1.2
9225,2016,3,21,0
9225,2016,3,22,0
9225,2016,3,23,0
9225,2016,3,24,0
9225,2016,3,25,0
9225,2016,3,26,9
9225,2016,3,27,6.6
9225,2016,3,28,0
9225,2016,3,29,0
9225,2016,3,30,0
9225,2016,3,31,0
9225,2016,4,1,0
9225,2016,4,2,0
9225,2016,4,3,0
9225,2016,4,4,0
9225,2016,4,5,0
9225,2016,4,6,0
9225,2016,4,7,0
9225,2016,4,8,0
9225,2016,4,9,0
9225,2016,4,10,11.2
9225,2016,4,11,0.2
9225,2016,4,12,5
9225,2016,4,13,3.4
9225,2016,4,14,0
9225,2016,4,15,0
9225,2016,4,16,0
9225,2016,4,17,1.6
9225,2016,4,18,0
9225,2016,4,19,25.8
9225,2016,4,20,0.2
9225,2016,4,21,0
9225,2016,4,22,0
9225,2016,4,23,0
9225,2016,4,24,0
9225,2016,4,25,2.6
9225,2016,4,26,9.2
9225,2016,4,27,2
9225,2016,4,28,2
9225,2016,4,29,1.2
9225,2016,4,30,3.8
9225,2016,5,1,0
9225,2016,5,2,0
9225,2016,5,3,0.2
9225,2016,5,4,0
9225,2016,5,5,0
9225,2016,5,6,1.6
9225,2016,5,7,18
9225,2016,5,8,1.2
9225,2016,5,9,0
9225,2016,5,10,0
9225,2016,5,11,0
9225,2016,5,12,0
9225,2016,5,13,0
9225,2016,5,14,4.6
9225,2016,5,15,0
9225,2016,5,16,2.2
9225,2016,5,17,0
9225,2016,5,18,3.6
9225,2016,5,19,0
9225,2016,5,20,0
9225,2016,5,21,36.4
9225,2016,5,22,8.6
9225,2016,5,23,2.8
9225,2016,5,24,23.8
9225,2016,5,25,2.6
9225,2016,5,26,2.2
9225,2016,5,27,0.4
9225,2016,5,28,3.4
9225,2016,5,29,0.4
9225,2016,5,30,0
9225,2016,5,31,0
9225,2016,6,1,0
9225,2016,6,2,0
9225,2016,6,3,0
9225,2016,6,4,8.6
9225,2016,6,5,0.4
9225,2016,6,6,0
9225,2016,6,7,19.4
9225,2016,6,8,2.2
9225,2016,6,9,0
9225,2016,6,10,2
9225,2016,6,11,2
9225,2016,6,12,0
9225,2016,6,13,26
9225,2016,6,14,0
9225,2016,6,15,0.2
9225,2016,6,16,0
9225,2016,6,17,0
9225,2016,6,18,0
9225,2016,6,19,0
9225,2016,6,20,8.6
9225,2016,6,21,3.6
9225,2016,6,22,2
9225,2016,6,23,2.2
9225,2016,6,24,0
9225,2016,6,25,9.6
9225,2016,6,26,4.4
9225,2016,6,27,0
9225,2016,6,28,0.4
9225,2016,6,29,17.8
9225,2016,6,30,0
9225,2016,7,1,0
9225,2016,7,2,0
9225,2016,7,3,0
9225,2016,7,4,0.4
9225,2016,7,5,0
9225,2016,7,6,0
9225,2016,7,7,0
9225,2016,7,8,13.2
9225,2016,7,9,27.4
9225,2016,7,10,29.8
9225,2016,7,11,2.6
9225,2016,7,12,0.2
9225,2016,7,13,0
9225,2016,7,14,0
9225,2016,7,15,0
9225,2016,7,16,0
9225,2016,7,17,32.8
9225,2016,7,18,6.8
9225,2016,7,19,0
9225,2016,7,20,0
9225,2016,7,21,15.4
9225,2016,7,22,4
9225,2016,7,23,0
9225,2016,7,24,0.6
9225,2016,7,25,0
9225,2016,7,26,0
9225,2016,7,27,0
9225,2016,7,28,0
9225,2016,7,29,0
9225,2016,7,30,0
9225,2016,7,31,6.4
9225,2016,8,1,0.8
9225,2016,8,2,0
9225,2016,8,3,0
9225,2016,8,4,3
9225,2016,8,5,3
9225,2016,8,6,0
9225,2016,8,7,5
9225,2016,8,8,12.2
9225,2016,8,9,5.2
9225,2016,8,10,4.8
9225,2016,8,11,0.4
9225,2016,8,12,5.4
9225,2016,8,13,0
9225,2016,8,14,0
9225,2016,8,15,0.2
9225,2016,8,16,4
9225,2016,8,17,1.6
9225,2016,8,18,17.4
9225,2016,8,19,0
9225,2016,8,20,2.8
9225,2016,8,21,1.6
9225,2016,8,22,7.4
9225,2016,8,23,0
9225,2016,8,24,0
9225,2016,8,25,0
9225,2016,8,26,0
9225,2016,8,27,31
9225,2016,8,28,7.6
9225,2016,8,29,0
9225,2016,8,30,0
9225,2016,8,31,9.8
9225,2016,9,1,1.6
9225,2016,9,2,0
9225,2016,9,3,0
9225,2016,9,4,0
9225,2016,9,5,0
9225,2016,9,6,0
9225,2016,9,7,6.2
9225,2016,9,8,5.4
9225,2016,9,9,0
9225,2016,9,10,0
9225,2016,9,11,0
9225,2016,9,12,0
9225,2016,9,13,0
9225,2016,9,14,0
9225,2016,9,15,0
9225,2016,9,16,5.8
9225,2016,9,17,0
9225,2016,9,18,0
9225,2016,9,19,13.8
9225,2016,9,20,0
9225,2016,9,21,0
9225,2016,9,22,0
9225,2016,9,23,10.2
9225,2016,9,24,1.2
9225,2016,9,25,15.6
9225,2016,9,26,0
9225,2016,9,27,3.6
9225,2016,9,28,5.4
9225,2016,9,29,0
9225,2016,9,30,0
9225,2016,10,1,4.6
9225,2016,10,2,2.8
9225,2016,10,3,0
9225,2016,10,4,0.8
9225,2016,10,5,0
9225,2016,10,6,0
9225,2016,10,7,1.2
9225,2016,10,8,9
9225,2016,10,9,5.2
9225,2016,10,10,0
9225,2016,10,11,0
9225,2016,10,12,0
9225,2016,10,13,0
9225,2016,10,14,0.6
9225,2016,10,15,4.8
9225,2016,10,16,1.4
9225,2016,10,17,0
9225,2016,10,18,0
9225,2016,10,19,0
9225,2016,10,20,2.6
9225,2016,10,21,0
9225,2016,10,22,0
9225,2016,10,23,0
9225,2016,10,24,0
9225,2016,10,25,0
9225,2016,10,26,0
9225,2016,10,27,0
9225,2016,10,28,0
9225,2016,10,29,1.4
9225,2016,10,30,3
9225,2016,10,31,0
9225,2016,11,1,0
9225,2016,11,2,0
9225,2016,11,3,0
9225,2016,11,4,0
9225,2016,11,5,0
9225,2016,11,6,0
9225,2016,11,7,0
9225,2016,11,8,0
9225,2016,11,9,0
9225,2016,11,10,0
9225,2016,11,11,0.4
9225,2016,11,12,0
9225,2016,11,13,0
9225,2016,11,14,0
9225,2016,11,15,0
9225,2016,11,16,0
9225,2016,11,17,14
9225,2016,11,18,0
9225,2016,11,19,0
9225,2016,11,20,0
9225,2016,11,21,0
9225,2016,11,22,0
9225,2016,11,23,0
9225,2016,11,24,0
9225,2016,11,25,0
9225,2016,11,26,0
9225,2016,11,27,0
9225,2016,11,28,0
9225,2016,11,29,0
9225,2016,11,30,0
9225,2016,12,1,0
9225,2016,12,2,0
9225,2016,12,3,0
9225,2016,12,4,1.8
9225,2016,12,5,0
9225,2016,12,6,0
9225,2016,12,7,0
9225,2016,12,8,0
9225,2016,12,9,0
9225,2016,12,10,0
9225,2016,12,11,0
9225,2016,12,12,7.8
9225,2016,12,13,0
9225,2016,12,14,0
9225,2016,12,15,0
9225,2016,12,16,0
9225,2016,12,17,0
9225,2016,12,18,0
9225,2016,12,19,0
9225,2016,12,20,0
9225,2016,12,21,0
9225,2016,12,22,0
9225,2016,12,23,0
9225,2016,12,24,0
9225,2016,12,25,0
9225,2016,12,26,0
9225,2016,12,27,0.6
9225,2016,12,28,0
9225,2016,12,29,0
9225,2016,12,30,0
9225,2016,12,31,0
9225,2017,1,1,0
9225,2017,1,2,0
9225,2017,1,3,0
9225,2017,1,4,0
9225,2017,1,5,0
9225,2017,1,6,0
9225,2017,1,7,0
9225,2017,1,8,0
9225,2017,1,9,0
9225,2017,1,10,0
9225,2017,1,11,0
9225,2017,1,12,0.4
9225,2017,1,13,0
9225,2017,1,14,0
9225,2017,1,15,0
9225,2017,1,16,0
9225,2017,1,17,0
9225,2017,1,18,0
9225,2017,1,19,0
9225,2017,1,20,0
9225,2017,1,21,0
9225,2017,1,22,0
9225,2017,1,23,0
9225,2017,1,24,0
9225,2017,1,25,0
9225,2017,1,26,0
9225,2017,1,27,0
9225,2017,1,28,0
9225,2017,1,29,6.2
9225,2017,1,30,7
9225,2017,1,31,31.8
9225,2017,2,1,2.8
9225,2017,2,2,0
9225,2017,2,3,0
9225,2017,2,4,0
9225,2017,2,5,0
9225,2017,2,6,0
9225,2017,2,7,0
9225,2017,2,8,0
9225,2017,2,9,2.6
9225,2017,2,10,114.4
9225,2017,2,11,15
9225,2017,2,12,0
9225,2017,2,13,0
9225,2017,2,14,0
9225,2017,2,15,0
9225,2017,2,16,0
9225,2017,2,17,0
9225,2017,2,18,0
9225,2017,2,19,0
9225,2017,2,20,0
9225,2017,2,21,2.4
9225,2017,2,22,0
9225,2017,2,23,0
9225,2017,2,24,0
9225,2017,2,25,0
9225,2017,2,26,0
9225,2017,2,27,0
9225,2017,2,28,0
9225,2017,3,1,0
9225,2017,3,2,2.4
9225,2017,3,3,0.2
9225,2017,3,4,0
9225,2017,3,5,0
9225,2017,3,6,0
9225,2017,3,7,0
9225,2017,3,8,0
9225,2017,3,9,0
9225,2017,3,10,0
9225,2017,3,11,0
9225,2017,3,12,0
9225,2017,3,13,8.4
9225,2017,3,14,2.4
9225,2017,3,15,1.6
9225,2017,3,16,0
9225,2017,3,17,0
9225,2017,3,18,1.2
9225,2017,3,19,0.4
9225,2017,3,20,0
9225,2017,3,21,0
9225,2017,3,22,3.8
9225,2017,3,23,0.8
9225,2017,3,24,0
9225,2017,3,25,0
9225,2017,3,26,2.2
9225,2017,3,27,0.2
9225,2017,3,28,0
9225,2017,3,29,0
9225,2017,3,30,0
9225,2017,3,31,0
9225,2017,4,1,0
9225,2017,4,2,0
9225,2017,4,3,0
9225,2017,4,4,0
9225,2017,4,5,0
9225,2017,4,6,0
9225,2017,4,7,0
9225,2017,4,8,0
9225,2017,4,9,0
9225,2017,4,10,0
9225,2017,4,11,0
9225,2017,4,12,0
9225,2017,4,13,0
9225,2017,4,14,0
9225,2017,4,15,0
9225,2017,4,16,0
9225,2017,4,17,0
9225,2017,4,18,0
9225,2017,4,19,0
9225,2017,4,20,0
9225,2017,4,21,0
9225,2017,4,22,0
9225,2017,4,23,0
9225,2017,4,24,0
9225,2017,4,25,0
9225,2017,4,26,0
9225,2017,4,27,0
9225,2017,4,28,0
9225,2017,4,29,0
9225,2017,4,30,0
9225,2017,5,1,0
9225,2017,5,2,0
9225,2017,5,3,0
9225,2017,5,4,0
9225,2017,5,5,7.8
9225,2017,5,6,0.2
9225,2017,5,7,0
9225,2017,5,8,0
9225,2017,5,9,2.2
9225,2017,5,10,0
9225,2017,5,11,0
9225,2017,5,12,0
9225,2017,5,13,0
9225,2017,5,14,0
9225,2017,5,15,3
9225,2017,5,16,7.6
9225,2017,5,17,0
9225,2017,5,18,0
9225,2017,5,19,1
9225,2017,5,20,8.2
9225,2017,5,21,17.2
9225,2017,5,22,16
9225,2017,5,23,5.2
9225,2017,5,24,1
9225,2017,5,25,0
9225,2017,5,26,1.4
9225,2017,5,27,0
9225,2017,5,28,0
9225,2017,5,29,0
9225,2017,5,30,0
9225,2017,5,31,0
9225,2017,6,1,0
9225,2017,6,2,0
9225,2017,6,3,0
9225,2017,6,4,0
9225,2017,6,5,0
9225,2017,6,6,0
9225,2017,6,7,0
9225,2017,6,8,0
9225,2017,6,9,0
9225,2017,6,10,0
9225,2017,6,11,0
9225,2017,6,12,0
9225,2017,6,13,0
9225,2017,6,14,26.2
9225,2017,6,15,0
9225,2017,6,16,0
9225,2017,6,17,0
9225,2017,6,18,0
9225,2017,6,19,0
9225,2017,6,20,0
9225,2017,6,21,0.2
9225,2017,6,22,61.2
9225,2017,6,23,0.4
9225,2017,6,24,0
9225,2017,6,25,0
9225,2017,6,26,0
9225,2017,6,27,0
9225,2017,6,28,0
9225,2017,6,29,0
9225,2017,6,30,0
9225,2017,7,1,2.8
9225,2017,7,2,21.8
9225,2017,7,3,0.2
9225,2017,7,4,4.8
9225,2017,7,5,3.6
9225,2017,7,6,13.6
9225,2017,7,7,11.4
9225,2017,7,8,0.2
9225,2017,7,9,0
9225,2017,7,10,0
9225,2017,7,11,0
9225,2017,7,12,2.4
9225,2017,7,13,6
9225,2017,7,14,0.2
9225,2017,7,15,0
9225,2017,7,16,5
9225,2017,7,17,0
9225,2017,7,18,0
9225,2017,7,19,11
9225,2017,7,20,11.8
9225,2017,7,21,5
9225,2017,7,22,3.2
9225,2017,7,23,2.8
9225,2017,7,24,12
9225,2017,7,25,4.4
9225,2017,7,26,0.2
9225,2017,7,27,22.8
9225,2017,7,28,10.2
9225,2017,7,29,10.8
9225,2017,7,30,6.4
9225,2017,7,31,0
9225,2017,8,1,27.4
9225,2017,8,2,0
9225,2017,8,3,0.4
9225,2017,8,4,2.6
9225,2017,8,5,0.8
9225,2017,8,6,0
9225,2017,8,7,0
9225,2017,8,8,0.2
9225,2017,8,9,47.2
9225,2017,8,10,9.2
9225,2017,8,11,0
9225,2017,8,12,19.8
9225,2017,8,13,2.2
9225,2017,8,14,6.6
9225,2017,8,15,8.4
9225,2017,8,16,5.4
9225,2017,8,17,1
9225,2017,8,18,0
9225,2017,8,19,11
9225,2017,8,20,2.8
9225,2017,8,21,0
9225,2017,8,22,0.6
9225,2017,8,23,0
9225,2017,8,24,0
9225,2017,8,25,0
9225,2017,8,26,0
9225,2017,8,27,0
9225,2017,8,28,0
9225,2017,8,29,0
9225,2017,8,30,1.4
9225,2017,8,31,4.6
9225,2017,9,1,9
9225,2017,9,2,3
9225,2017,9,3,0.2
9225,2017,9,4,0
9225,2017,9,5,0
9225,2017,9,6,0
9225,2017,9,7,0
9225,2017,9,8,0
9225,2017,9,9,0
9225,2017,9,10,1.6
9225,2017,9,11,5.2
9225,2017,9,12,6.2
9225,2017,9,13,0.2
9225,2017,9,14,0
9225,2017,9,15,0
9225,2017,9,16,0
9225,2017,9,17,0.2
9225,2017,9,18,0
9225,2017,9,19,0
9225,2017,9,20,6
9225,2017,9,21,3.8
9225,2017,9,22,6.2
9225,2017,9,23,5.8
9225,2017,9,24,7.8
9225,2017,9,25,9.6
9225,2017,9,26,4.4
9225,2017,9,27,0
9225,2017,9,28,2.2
9225,2017,9,29,6
9225,2017,9,30,0
9225,2017,10,1,0
9225,2017,10,2,0
9225,2017,10,3,0
9225,2017,10,4,0
9225,2017,10,5,0
9225,2017,10,6,0
9225,2017,10,7,1.6
9225,2017,10,8,0.6
9225,2017,10,9,0
9225,2017,10,10,0.2
9225,2017,10,11,4.8
9225,2017,10,12,0
9225,2017,10,13,0
9225,2017,10,14,2.4
9225,2017,10,15,0
9225,2017,10,16,6.6
9225,2017,10,17,10.6
9225,2017,10,18,6.6
9225,2017,10,19,0.2
9225,2017,10,20,0
9225,2017,10,21,0
9225,2017,10,22,0.6
9225,2017,10,23,0
9225,2017,10,24,0
9225,2017,10,25,0
9225,2017,10,26,1.2
9225,2017,10,27,4.2
9225,2017,10,28,1.4
9225,2017,10,29,1
9225,2017,10,30,0
9225,2017,10,31,0
9225,2017,11,1,0
9225,2017,11,2,0
9225,2017,11,3,0
9225,2017,11,4,0
9225,2017,11,5,0
9225,2017,11,6,0
9225,2017,11,7,0
9225,2017,11,8,0
9225,2017,11,9,2.2
9225,2017,11,10,0
9225,2017,11,11,0
9225,2017,11,12,0
9225,2017,11,13,0
9225,2017,11,14,0
9225,2017,11,15,0
9225,2017,11,16,0
9225,2017,11,17,0
9225,2017,11,18,2.2
9225,2017,11,19,0.2
9225,2017,11,20,0
9225,2017,11,21,0
9225,2017,11,22,0
9225,2017,11,23,0
9225,2017,11,24,0
9225,2017,11,25,0
9225,2017,11,26,0
9225,2017,11,27,0
9225,2017,11,28,0
9225,2017,11,29,0.2
9225,2017,11,30,0
9225,2017,12,1,0
9225,2017,12,2,0
9225,2017,12,3,0
9225,2017,12,4,7.4
9225,2017,12,5,0
9225,2017,12,6,0
9225,2017,12,7,0
9225,2017,12,8,0
9225,2017,12,9,0
9225,2017,12,10,0
9225,2017,12,11,0
9225,2017,12,12,0
9225,2017,12,13,0
9225,2017,12,14,0
9225,2017,12,15,0
9225,2017,12,16,0
9225,2017,12,17,2.6
9225,2017,12,18,22.2
9225,2017,12,19,8.4
9225,2017,12,20,0
9225,2017,12,21,0
9225,2017,12,22,0
9225,2017,12,23,0
9225,2017,12,24,0
9225,2017,12,25,0
9225,2017,12,26,0
9225,2017,12,27,0
9225,2017,12,28,0
9225,2017,12,29,0
9225,2017,12,30,0
9225,2017,12,31,0
9225,2018,1,1,0
9225,2018,1,2,0
9225,2018,1,3,0
9225,2018,1,4,0
9225,2018,1,5,0
9225,2018,1,6,0
9225,2018,1,7,0
9225,2018,1,8,0
9225,2018,1,9,0
9225,2018,1,10,0
9225,2018,1,11,0.2
9225,2018,1,12,0
9225,2018,1,13,0
9225,2018,1,14,0
9225,2018,1,15,7
9225,2018,1,16,96.2
9225,2018,1,17,0.6
9225,2018,1,18,2.2
9225,2018,1,19,0
9225,2018,1,20,0
9225,2018,1,21,0
9225,2018,1,22,0
9225,2018,1,23,0
9225,2018,1,24,0
9225,2018,1,25,0
9225,2018,1,26,0
9225,2018,1,27,0
9225,2018,1,28,0
9225,2018,1,29,0
9225,2018,1,30,0
9225,2018,1,31,0
9225,2018,2,1,0
9225,2018,2,2,0
9225,2018,2,3,0
9225,2018,2,4,0
9225,2018,2,5,0
9225,2018,2,6,0
9225,2018,2,7,0
9225,2018,2,8,0
9225,2018,2,9,0
9225,2018,2,10,0
9225,2018,2,11,0
9225,2018,2,12,0
9225,2018,2,13,0
9225,2018,2,14,0
9225,2018,2,15,0
9225,2018,2,16,0
9225,2018,2,17,0.2
9225,2018,2,18,0
9225,2018,2,19,0
9225,2018,2,20,0
9225,2018,2,21,0
9225,2018,2,22,0
9225,2018,2,23,0
9225,2018,2,24,0
9225,2018,2,25,0
9225,2018,2,26,0
9225,2018,2,27,0
9225,2018,2,28,0
9225,2018,3,1,0
9225,2018,3,2,0
9225,2018,3,3,0
9225,2018,3,4,0
9225,2018,3,5,0
9225,2018,3,6,0
9225,2018,3,7,0
9225,2018,3,8,0
9225,2018,3,9,0
9225,2018,3,10,0
9225,2018,3,11,0
9225,2018,3,12,0
9225,2018,3,13,0
9225,2018,3,14,0
9225,2018,3,15,1.6
9225,2018,3,16,0
9225,2018,3,17,0
9225,2018,3,18,0
9225,2018,3,19,0
9225,2018,3,20,0
9225,2018,3,21,0
9225,2018,3,22,0
9225,2018,3,23,0
9225,2018,3,24,0
9225,2018,3,25,0
9225,2018,3,26,0.2
9225,2018,3,27,0.8
9225,2018,3,28,0
9225,2018,3,29,0
9225,2018,3,30,0
9225,2018,3,31,0
9225,2018,4,1,0
9225,2018,4,2,0
9225,2018,4,3,0
9225,2018,4,4,0
9225,2018,4,5,0
9225,2018,4,6,0
9225,2018,4,7,0
9225,2018,4,8,0
9225,2018,4,9,0
9225,2018,4,10,0
9225,2018,4,11,0
9225,2018,4,12,0
9225,2018,4,13,0.6
9225,2018,4,14,0
9225,2018,4,15,0
9225,2018,4,16,0
9225,2018,4,17,0
9225,2018,4,18,5.2
9225,2018,4,19,0.4
9225,2018,4,20,3.4
9225,2018,4,21,0
9225,2018,4,22,7
9225,2018,4,23,4
9225,2018,4,24,0
9225,2018,4,25,0
9225,2018,4,26,0
9225,2018,4,27,0
9225,2018,4,28,0
9225,2018,4,29,0
9225,2018,4,30,0
9225,2018,5,1,0
9225,2018,5,2,0
9225,2018,5,3,2.6
9225,2018,5,4,0
9225,2018,5,5,0
9225,2018,5,6,3.2
9225,2018,5,7,0.4
9225,2018,5,8,0
9225,2018,5,9,0
9225,2018,5,10,0
9225,2018,5,11,0
9225,2018,5,12,0
9225,2018,5,13,0
9225,2018,5,14,0
9225,2018,5,15,0
9225,2018,5,16,0
9225,2018,5,17,0
9225,2018,5,18,0
9225,2018,5,19,0
9225,2018,5,20,0
9225,2018,5,21,0
9225,2018,5,22,0
9225,2018,5,23,0
9225,2018,5,24,0
9225,2018,5,25,29.2
9225,2018,5,26,24.6
9225,2018,5,27,4.2
9225,2018,5,28,2.8
9225,2018,5,29,0.4
9225,2018,5,30,0
9225,2018,5,31,0
9225,2018,6,1,8.4
9225,2018,6,2,0
9225,2018,6,3,0
9225,2018,6,4,0
9225,2018,6,5,4.4
9225,2018,6,6,9.4
9225,2018,6,7,20.8
9225,2018,6,8,7
9225,2018,6,9,0
9225,2018,6,10,21.8
9225,2018,6,11,2.8
9225,2018,6,12,1.6
9225,2018,6,13,4.2
9225,2018,6,14,0
9225,2018,6,15,0
9225,2018,6,16,0
9225,2018,6,17,0
9225,2018,6,18,11.2
9225,2018,6,19,2.4
9225,2018,6,20,4
9225,2018,6,21,0
9225,2018,6,22,0
9225,2018,6,23,0
9225,2018,6,24,0
9225,2018,6,25,0
9225,2018,6,26,0
9225,2018,6,27,14.8
9225,2018,6,28,13.6
9225,2018,6,29,0
9225,2018,6,30,0
9225,2018,7,1,0
9225,2018,7,2,3.4
9225,2018,7,3,31.2
9225,2018,7,4,2.8
9225,2018,7,5,10.8
9225,2018,7,6,1.4
9225,2018,7,7,0
9225,2018,7,8,0
9225,2018,7,9,0
9225,2018,7,10,0
9225,2018,7,11,0
9225,2018,7,12,0
9225,2018,7,13,8.6
9225,2018,7,14,0.8
9225,2018,7,15,23.4
9225,2018,7,16,6.2
9225,2018,7,17,1.2
9225,2018,7,18,0
9225,2018,7,19,2
9225,2018,7,20,0
9225,2018,7,21,5.2
9225,2018,7,22,20.2
9225,2018,7,23,2
9225,2018,7,24,5.4
9225,2018,7,25,0.6
9225,2018,7,26,17.4
9225,2018,7,27,3
9225,2018,7,28,4.8
9225,2018,7,29,0
9225,2018,7,30,1.6
9225,2018,7,31,0
9225,2018,8,1,15
9225,2018,8,2,17.8
9225,2018,8,3,10.8
9225,2018,8,4,24.4
9225,2018,8,5,12.2
9225,2018,8,6,0
9225,2018,8,7,0.2
9225,2018,8,8,2.2
9225,2018,8,9,19
9225,2018,8,10,11.2
9225,2018,8,11,0.2
9225,2018,8,12,0
9225,2018,8,13,0
9225,2018,8,14,20
9225,2018,8,15,1.4
9225,2018,8,16,0
9225,2018,8,17,3.8
9225,2018,8,18,0
9225,2018,8,19,0
9225,2018,8,20,0
9225,2018,8,21,1.6
9225,2018,8,22,6.8
9225,2018,8,23,0
9225,2018,8,24,0
9225,2018,8,25,0
9225,2018,8,26,0
9225,2018,8,27,0
9225,2018,8,28,10
9225,2018,8,29,18.6
9225,2018,8,30,10.8
9225,2018,8,31,0
9225,2018,9,1,0
9225,2018,9,2,0
9225,2018,9,3,0
9225,2018,9,4,5.2
9225,2018,9,5,4.2
9225,2018,9,6,1.2
9225,2018,9,7,4.2
9225,2018,9,8,2.6
9225,2018,9,9,0.2
9225,2018,9,10,5.2
9225,2018,9,11,2.6
9225,2018,9,12,0
9225,2018,9,13,0.8
9225,2018,9,14,1.8
9225,2018,9,15,0
9225,2018,9,16,0
9225,2018,9,17,0.2
9225,2018,9,18,0.2
9225,2018,9,19,0
9225,2018,9,20,0
9225,2018,9,21,0
9225,2018,9,22,0
9225,2018,9,23,0
9225,2018,9,24,0
9225,2018,9,25,0.2
9225,2018,9,26,0
9225,2018,9,27,0
9225,2018,9,28,0
9225,2018,9,29,4
9225,2018,9,30,2.6
9225,2018,10,1,0
9225,2018,10,2,0
9225,2018,10,3,0
9225,2018,10,4,7.4
9225,2018,10,5,1.8
9225,2018,10,6,0
9225,2018,10,7,0
9225,2018,10,8,0
9225,2018,10,9,0
9225,2018,10,10,4.8
9225,2018,10,11,0.2
9225,2018,10,12,0.2
9225,2018,10,13,3.4
9225,2018,10,14,13.4
9225,2018,10,15,0.6
9225,2018,10,16,0
9225,2018,10,17,0
9225,2018,10,18,3.6
9225,2018,10,19,3.2
9225,2018,10,20,0
9225,2018,10,21,0
9225,2018,10,22,1.4
9225,2018,10,23,0
9225,2018,10,24,0
9225,2018,10,25,0
9225,2018,10,26,0
9225,2018,10,27,0
9225,2018,10,28,0
9225,2018,10,29,0
9225,2018,10,30,0
9225,2018,10,31,0
9225,2018,11,1,0
9225,2018,11,2,0
9225,2018,11,3,0
9225,2018,11,4,0
9225,2018,11,5,1.8
9225,2018,11,6,0
9225,2018,11,7,0
9225,2018,11,8,0
9225,2018,11,9,0
9225,2018,11,10,0
9225,2018,11,11,0
9225,2018,11,12,0
9225,2018,11,13,0
9225,2018,11,14,0
9225,2018,11,15,0
9225,2018,11,16,0
9225,2018,11,17,0
9225,2018,11,18,0
9225,2018,11,19,0
9225,2018,11,20,0
9225,2018,11,21,0
9225,2018,11,22,0
9225,2018,11,23,1.4
9225,2018,11,24,0
9225,2018,11,25,0
9225,2018,11,26,0
9225,2018,11,27,0
9225,2018,11,28,0
9225,2018,11,29,0
9225,2018,11,30,0
9225,2018,12,1,0
9225,2018,12,2,0
9225,2018,12,3,0
9225,2018,12,4,0
9225,2018,12,5,0
9225,2018,12,6,1.6
9225,2018,12,7,0
9225,2018,12,8,0
9225,2018,12,9,0
9225,2018,12,10,0
9225,2018,12,11,0
9225,2018,12,12,0.2
9225,2018,12,13,0
9225,2018,12,14,0
9225,2018,12,15,0
9225,2018,12,16,0
9225,2018,12,17,0
9225,2018,12,18,0
9225,2018,12,19,0
9225,2018,12,20,0
9225,2018,12,21,0
9225,2018,12,22,0
9225,2018,12,23,0
9225,2018,12,24,0
9225,2018,12,25,0
9225,2018,12,26,0
9225,2018,12,27,0
9225,2018,12,28,0
9225,2018,12,29,0
9225,2018,12,30,0
9225,2018,12,31,0
9225,2019,1,1,0
9225,2019,1,2,0
9225,2019,1,3,1.8
9225,2019,1,4,0
9225,2019,1,5,0
9225,2019,1,6,0
9225,2019,1,7,0
9225,2019,1,8,0
9225,2019,1,9,0
9225,2019,1,10,0
9225,2019,1,11,0
9225,2019,1,12,0
9225,2019,1,13,0
9225,2019,1,14,0
9225,2019,1,15,0
9225,2019,1,16,0
9225,2019,1,17,0
9225,2019,1,18,0
9225,2019,1,19,0
9225,2019,1,20,0
9225,2019,1,21,0
9225,2019,1,22,0
9225,2019,1,23,0.4
9225,2019,1,24,4.8
9225,2019,1,25,0.2
9225,2019,1,26,0
9225,2019,1,27,0
9225,2019,1,28,0
9225,2019,1,29,0
9225,2019,1,30,0
9225,2019,1,31,0
9225,2019,2,1,0
9225,2019,2,2,0
9225,2019,2,3,0
9225,2019,2,4,0
9225,2019,2,5,0
9225,2019,2,6,0
9225,2019,2,7,0
9225,2019,2,8,0
9225,2019,2,9,0
9225,2019,2,10,0
9225,2019,2,11,0
9225,2019,2,12,0
9225,2019,2,13,0
9225,2019,2,14,0.2
9225,2019,2,15,0
9225,2019,2,16,0
9225,2019,2,17,0
9225,2019,2,18,0
9225,2019,2,19,0
9225,2019,2,20,0
9225,2019,2,21,0
9225,2019,2,22,0
9225,2019,2,23,0
9225,2019,2,24,0
9225,2019,2,25,0
9225,2019,2,26,0
9225,2019,2,27,0
9225,2019,2,28,0
9225,2019,3,1,0
9225,2019,3,2,0
9225,2019,3,3,0
9225,2019,3,4,0
9225,2019,3,5,0
9225,2019,3,6,0
9225,2019,3,7,1.6
9225,2019,3,8,0.4
9225,2019,3,9,0.6
9225,2019,3,10,3.4
9225,2019,3,11,0.2
9225,2019,3,12,0
9225,2019,3,13,0
9225,2019,3,14,0
9225,2019,3,15,0
9225,2019,3,16,0
9225,2019,3,17,0
9225,2019,3,18,0
9225,2019,3,19,0
9225,2019,3,20,0
9225,2019,3,21,0
9225,2019,3,22,0
9225,2019,3,23,0
9225,2019,3,24,0
9225,2019,3,25,0
9225,2019,3,26,0
9225,2019,3,27,0
9225,2019,3,28,0
9225,2019,3,29,0
9225,2019,3,30,0
9225,2019,3,31,0
9225,2019,4,1,0
9225,2019,4,2,0
9225,2019,4,3,0
9225,2019,4,4,0
9225,2019,4,5,0
9225,2019,4,6,0
9225,2019,4,7,0
9225,2019,4,8,0
9225,2019,4,9,0
9225,2019,4,10,0
9225,2019,4,11,0
9225,2019,4,12,0
9225,2015,2,22,0
9225,2015,2,23,0
9225,2015,2,24,0
9225,2015,2,25,0
9225,2015,2,26,0
9225,2015,2,27,0
9225,2015,2,28,0
9225,2015,3,1,0
9225,2015,3,2,0
9225,2015,3,3,0
9225,2015,3,4,0
9225,2015,3,5,0
9225,2015,3,6,0
9225,2015,3,7,0
9225,2015,3,8,0
9225,2015,3,9,0
9225,2015,3,10,0
9225,2015,3,11,0
9225,2015,3,12,0
9225,2015,3,13,0
9225,2015,3,14,4.8
9225,2015,3,15,2.4
9225,2015,3,16,0.2
9225,2015,3,17,0
9225,2015,3,18,4.6
9225,2019,4,13,0
9225,2019,4,14,0
9225,2019,4,15,8.2
9225,2019,4,16,5.6
9225,2019,4,17,3
9225,2019,4,18,0
9225,2019,4,19,23.4
9225,2019,4,20,4
9225,2019,4,21,0
9225,2019,4,22,0
9225,2019,4,23,0
9225,2019,4,24,0
9225,2019,4,25,0
9225,2019,4,26,0
9225,2019,4,27,0
9225,2019,4,28,0
9225,2019,4,29,0
9225,2019,4,30,0
9225,2019,5,1,0
9225,2019,5,2,0
9225,2019,5,3,0
9225,2019,5,4,2
9225,2019,5,5,0.2
9225,2019,5,6,7.2
9225,2019,5,7,0
9225,2019,5,8,0
9225,2019,5,9,0
9225,2019,5,10,0
9225,2019,5,11,0
9225,2019,5,12,0
9225,2019,5,13,0
9225,2019,5,14,0
9225,2019,5,15,0
9225,2019,5,16,0.2
9225,2019,5,17,1.8
9225,2019,5,18,0
9225,2019,5,19,0
9225,2019,5,20,6
9225,2019,5,21,0.4
9225,2019,5,22,0
9225,2019,5,23,0
9225,2019,5,24,0
9225,2019,5,25,0
9225,2019,5,26,0
9225,2019,5,27,0
9225,2019,5,28,0
9225,2019,5,29,0
9225,2019,5,30,0
9225,2019,5,31,0
9225,2019,6,1,0
9225,2019,6,2,0
9225,2019,6,3,0
9225,2019,6,4,0
9225,2019,6,5,0
9225,2019,6,6,0
9225,2019,6,7,28.4
9225,2019,6,8,6.2
9225,2019,6,9,17.2
9225,2019,6,10,19.8
9225,2019,6,11,17.6
9225,2019,6,12,17.6
9225,2019,6,13,1
9225,2019,6,14,1.2
9225,2019,6,15,8.8
9225,2019,6,16,0
9225,2019,6,17,0.8
9225,2019,6,18,0
9225,2019,6,19,0
9225,2019,6,20,0
9225,2019,6,21,0
9225,2019,6,22,0.6
9225,2019,6,23,58
9225,2019,6,24,2.6
9225,2019,6,25,0.2
9225,2019,6,26,1
9225,2019,6,27,20.6
9225,2019,6,28,10
9225,2019,6,29,0
9225,2019,6,30,0.4
9225,2019,7,1,9.4
9225,2019,7,2,0.2
9225,2019,7,3,0
9225,2019,7,4,0
9225,2019,7,5,44.2
9225,2019,7,6,11.2
9225,2019,7,7,1.6
9225,2019,7,8,0
9225,2019,7,9,0
9225,2019,7,10,0.2
9225,2019,7,11,0
9225,2019,7,12,0
9225,2019,7,13,0
9225,2019,7,14,0
9225,2019,7,15,0
9225,2019,7,16,0
9225,2019,7,17,0
9225,2019,7,18,0.8
9225,2019,7,19,5
9225,2019,7,20,13.2
9225,2019,7,21,5.8
9225,2019,7,22,3.6
9225,2019,7,23,0.2
9225,2019,7,24,0
9225,2019,7,25,2.6
9225,2019,7,26,0
9225,2019,7,27,10.4
9225,2019,7,28,0.2
9225,2019,7,29,0
9225,2019,7,30,0
9225,2019,7,31,0
9225,2019,8,1,0
9225,2019,8,2,0
9225,2019,8,3,0
9225,2019,8,4,1.6
9225,2019,8,5,0.2
9225,2019,8,6,14.4
9225,2019,8,7,1
9225,2019,8,8,0
9225,2019,8,9,2.6
9225,2019,8,10,0.2
9225,2019,8,11,0
9225,2019,8,12,0
9225,2019,8,13,4.2
9225,2019,8,14,4.8
9225,2019,8,15,2.4
9225,2019,8,16,0
9225,2019,8,17,26.6
9225,2019,8,18,0
9225,2019,8,19,0
9225,2019,8,20,0
9225,2019,8,21,0
9225,2019,8,22,0
9225,2019,8,23,18.8
9225,2019,8,24,0.2
9225,2019,8,25,0
9225,2019,8,26,0
9225,2019,8,27,0
9225,2019,8,28,0
9225,2019,8,29,0
9225,2019,8,30,28
9225,2019,8,31,9.2
9225,2019,9,1,0.2
9225,2019,9,2,13.8
9225,2019,9,3,3.6
9225,2019,9,4,1.4
9225,2019,9,5,0
9225,2019,9,6,0
9225,2019,9,7,0
9225,2019,9,8,0
9225,2019,9,9,0
9225,2019,9,10,0
9225,2019,9,11,0
9225,2019,9,12,0
9225,2019,9,13,0
9225,2019,9,14,0
9225,2019,9,15,0
9225,2019,9,16,0
9225,2019,9,17,0
9225,2019,9,18,0
9225,2019,9,19,11.4
9225,2019,9,20,1
9225,2019,9,21,0
9225,2019,9,22,0
9225,2019,9,23,0
9225,2019,9,24,0
9225,2019,9,25,0
9225,2019,9,26,0
9225,2019,9,27,0
9225,2019,9,28,0
9225,2019,9,29,0
9225,2019,9,30,0
9225,2019,10,1,1.8
9225,2019,10,2,0
9225,2019,10,3,0
9225,2019,10,4,1
9225,2019,10,5,
9225,2019,10,6,0
9225,2019,10,7,0
9225,2019,10,8,0
9225,2019,10,9,0
9225,2019,10,10,0
9225,2019,10,11,0
9225,2019,10,12,3.2
9225,2019,10,13,0
9225,2019,10,14,0.8
9225,2019,10,15,0
9225,2019,10,16,0
9225,2019,10,17,0
9225,2019,10,18,0
9225,2019,10,19,0
9225,2019,10,20,0
9225,2019,10,21,0
9225,2019,10,22,0
9225,2019,10,23,0
9225,2019,10,24,2
9225,2019,10,25,0
9225,2019,10,26,0
9225,2019,10,27,0
9225,2019,10,28,0
9225,2019,10,29,0
9225,2019,10,30,0
9225,2019,10,31,9
9225,2019,11,1,5
9225,2019,11,2,13
9225,2019,11,3,0
9225,2019,11,4,0
9225,2019,11,5,0
9225,2019,11,6,0
9225,2019,11,7,0
9225,2019,11,8,0
9225,2019,11,9,0
9225,2019,11,10,0
9225,2019,11,11,0
9225,2019,11,12,0
9225,2019,11,13,0
9225,2019,11,14,0
9225,2019,11,15,0
9225,2019,11,16,0
9225,2019,11,17,0
9225,2019,11,18,0
9225,2019,11,19,0.2
9225,2019,11,20,0.2
9225,2019,11,21,0
9225,2019,11,22,0
9225,2019,11,23,0
9225,2019,11,24,0
9225,2019,11,25,0
9225,2019,11,26,0
9225,2019,11,27,0
9225,2019,11,28,0
9225,2019,11,29,0
9225,2019,11,30,0
9225,2019,12,1,0
9225,2019,12,2,0
9225,2019,12,3,0
9225,2019,12,4,0
9225,2019,12,5,0
9225,2019,12,6,0
9225,2019,12,7,0
9225,2019,12,8,0.4
9225,2019,12,9,0
9225,2019,12,10,0
9225,2019,12,11,0
9225,2019,12,12,0
9225,2019,12,13,0
9225,2019,12,14,0
9225,2019,12,15,0
9225,2019,12,16,0
9225,2019,12,17,0
9225,2019,12,18,0
9225,2019,12,19,
9225,2019,12,20,1.8
9225,2019,12,21,0
9225,2019,12,22,0
9225,2019,12,23,0
9225,2019,12,24,0
9225,2019,12,25,0
9225,2019,12,26,0
9225,2019,12,27,0
9225,2019,12,28,0
9225,2019,12,29,0
9225,2019,12,30,0.2
9225,2019,12,31,0
